SSDSE-E-2026,Prefecture,A1101,A1102,A1301,A1302,A1303,A1700,A4101,A4103,A4200,A5101,A5102,A710101,A710201,A810105,A9101,A9201,B1101,B1103,B2101,C1121,C1221,C122101,C2108,C210836,C210837,C210839,C210841,C210847,C210848,C210850,C2208,C220836,C220837,C220839,C220841,C220847,C220848,C220850,C310201,C310202,C3107,C3801,C3802,E1101,E1501,E2101,E2501,E3101,E3501,E3901,E3905,E3906,E4101,E4501,E6101,E6102,E6301,E6302,G1201,G1401,G1501,G1604,G3102,G3201,G5101v2,G5105,G7101,G7102,H1100,H110202,H1310,H1401,H2130,H5507,H550701,H5609,H5610,H5614,H6130,H6131,H6132,I510120,I5102,I5103,I6100,I6200,I6300,J2503,J2506,L3221,L322101,L322102,L322109
,年度,2024,2024,2024,2024,2024,2020,2023,2023,2023,2024,2024,2020,2020,2020,2023,2023,2024,2024,2024,2021,2021,2021,2021,2021,2021,2021,2021,2021,2021,2021,2021,2021,2021,2021,2021,2021,2021,2021,2019,2019,2024,2023,2023,2024,2024,2024,2024,2024,2024,2024,2024,2024,2024,2024,2024,2024,2024,2024,2021,2021,2021,2021,2021,2021,2021,2024,2024,2024,2023,2023,2023,2023,2023,2023,2023,2023,2023,2023,2021,2021,2021,2023,2023,2023,2022,2022,2022,2023,2023,2024,2024,2024,2024
地域コード,都道府県,総人口,日本人人口,15歳未満人口,15～64歳人口,65歳以上人口,外国人人口,出生数,合計特殊出生率,死亡数,転入者数（日本人移動者）,転出者数（日本人移動者）,一般世帯数,一般世帯人員数,単独世帯数,婚姻件数,離婚件数,総面積（北方地域及び竹島を除く）,可住地面積,自然公園面積,県内総生産額（平成27年基準）,県民所得（平成27年基準）,1人当たり県民所得（平成27年基準）,事業所数（民営）,事業所数（民営）（建設業）,事業所数（民営）（製造業）,事業所数（民営）（情報通信業）,事業所数（民営）（卸売業、小売業）,事業所数（民営）（宿泊業、飲食サービス業）,事業所数（民営）（生活関連サービス業、娯楽業）,事業所数（民営）（医療、福祉）,従業者数（民営）,従業者数（民営）（建設業）,従業者数（民営）（製造業）,従業者数（民営）（情報通信業）,従業者数（民営）（卸売業、小売業）,従業者数（民営）（宿泊業、飲食サービス業）,従業者数（民営）（生活関連サービス業、娯楽業）,従業者数（民営）（医療、福祉）,農家数（販売農家）,農家数（自給的農家）,耕地面積,旅館営業施設数（ホテルを含む）,旅館営業施設客室数（ホテルを含む）,幼稚園数,幼稚園在園者数,小学校数,小学校児童数,中学校数,中学校生徒数,義務教育学校数,義務教育学校前期課程児童数,義務教育学校後期課程生徒数,高等学校数,高等学校生徒数,短期大学数,大学数,短期大学学生数,大学学生数,公民館数,図書館数,博物館数,劇場、音楽堂等数,社会体育施設数,民間体育施設数,映画館数,一般旅券発行件数,延べ宿泊者数,外国人延べ宿泊者数,総住宅数,空き家数,持ち家数,一戸建住宅数,1住宅当たり延べ面積,総人口（非水洗化人口＋水洗化人口）,非水洗化人口,ごみ総排出量（総量）,1人1日当たりの排出量,ごみのリサイクル率,小売店数,飲食店数,大型小売店数,一般病院数,一般診療所数,歯科診療所数,医師数,歯科医師数,薬剤師数,保育所等数,保育所等在所児数,消費支出（二人以上の世帯）,食料費（二人以上の世帯）,住居費（二人以上の世帯）,教養娯楽費（二人以上の世帯）
R00000,全国,123802000,120296000,13830000,73728000,36243000,2402460,727288,1.20,1576016,2188590,2188590,55704949,123162995,21151042,474741,183814,37297238,12295028,5754099,577351288,417900154,3330,5156063,485135,412617,76559,1228920,599058,434209,462531,57949915,3737415,8803643,1986839,11611924,4678739,2176139,8162398,1027892,719187,4272000,51038,1776994,8530,757968,18822,5941733,9882,3141132,238,52760,27051,4774,2906921,297,813,74732,2628310,13163,3394,1305,1832,45658,29821,575,3700111,541073650,138527580,65046700,9001600,33875500,29319400,91.66,125068896,4609773,38974270,851,19.5,872699,496217,18410,7065,104894,66818,343275,105267,323690,23725,1905477,300243,85040,18074,29098
R01000,北海道,5043000,4980000,497000,2868000,1677000,34321,24430,1.06,75120,46270,52598,2469063,5032739,999825,17281,8629,7841921,2269076,1022400,20540923,14570701,2811,216124,21256,10246,2544,51407,27724,18627,19946,2165390,183261,187396,44321,456909,186116,85622,352552,32232,5362,1138000,2901,121688,322,26504,934,216088,557,117195,29,2215,1352,271,107906,13,38,2774,79227,364,165,66,74,3728,1151,19,87778,36624970,9286950,2888500,451900,1381200,1258400,91.71,5106916,253387,1704071,912,22.8,36512,22170,822,464,3403,2742,13613,4302,11625,790,48159,285502,79471,25214,26635
R02000,青森県,1165000,1157000,114000,634000,416000,5409,5696,1.23,20835,14983,20228,509649,1191534,168917,3326,1665,964511,325269,111798,4464610,3489987,2858,55113,5642,2695,390,14097,6755,5978,5112,498418,50709,60863,6018,106856,36321,21542,77912,28062,8403,147300,557,19152,81,3000,249,51035,153,27895,0,0,0,63,27818,5,10,790,14751,242,35,5,21,697,178,7,12363,3974150,389040,590300,98800,349100,368000,120.65,1209237,135539,427952,967,12.6,10663,5570,169,72,850,481,2795,715,2373,230,12482,260920,80057,12744,21714
R03000,岩手県,1145000,1134000,115000,624000,405000,6937,5432,1.16,19612,14372,19258,490828,1174106,163290,3376,1488,1527505,375141,72242,4701411,3212487,2685,54598,5292,3483,433,13678,6058,5450,4971,518167,48016,90009,5521,104817,36772,20788,75788,33861,18827,146000,743,21140,56,2702,268,51546,148,28418,1,384,194,78,28253,4,6,561,10656,174,47,21,27,867,167,8,12989,5085580,364780,579400,100400,334900,344000,118.54,1176017,230323,376721,875,16.4,10434,4769,195,76,879,542,2758,965,2572,265,15199,313386,81390,28758,27174
R04000,宮城県,2248000,2219000,243000,1340000,665000,19453,12328,1.07,28640,40671,43231,980549,2251390,362255,7899,3138,728230,318603,171201,9649597,6561888,2865,95305,10458,5087,1145,25004,10306,8298,8116,1031186,96921,121586,21406,224589,78542,37880,134033,28632,12877,123900,685,33819,201,16907,359,106462,199,56059,4,1049,541,96,53221,5,15,2290,48312,434,35,17,42,844,449,11,39178,9018080,743370,1129200,140300,590100,543200,96.82,2244297,183036,758541,923,15.3,16668,8384,375,108,1724,1038,6140,1921,5570,411,28610,315200,83820,33163,26160
R05000,秋田県,897000,891000,79000,463000,354000,3651,3611,1.10,17517,9421,12903,383531,923812,117169,2302,1151,1163752,323329,126190,3545316,2540427,2689,44883,4857,3127,282,11368,4976,5265,3851,398671,37900,64599,3374,82750,28088,16828,68859,27780,9336,145600,503,15366,31,1559,173,35116,103,20128,3,229,153,50,20094,4,7,462,8585,315,49,11,22,857,197,4,9268,2705240,107870,440600,69500,284800,293200,132.33,927022,146657,324537,957,13.6,8797,3908,156,48,806,404,2438,600,2055,178,12829,275910,80411,12911,24288
R06000,山形県,1011000,1001000,105000,546000,360000,7149,5151,1.22,16975,10782,14986,396792,1035323,112791,2971,1223,932315,287329,155510,4282525,3018333,2861,52141,5740,4515,336,12793,6030,5599,4190,465796,40469,103624,3635,90446,34332,18647,67668,26796,12832,113200,747,19159,52,3646,222,45607,95,25252,3,761,396,59,25656,3,8,790,11667,424,40,16,23,648,249,10,14139,3839250,211080,455400,61700,293600,297900,134.44,1026982,53692,326157,868,13.4,9955,4798,148,52,881,453,2625,691,2174,221,16020,323094,89726,18267,30399
R07000,福島県,1743000,1724000,184000,972000,587000,12868,9019,1.21,27514,20956,27805,740089,1788951,245335,5599,2563,1378439,423098,180416,7844733,5292698,2921,81677,9987,6379,551,19975,9016,7614,6503,802365,79386,164260,6845,154620,60435,29887,108365,41060,21613,133700,1422,41397,194,12111,378,81716,206,43064,9,1181,603,96,41636,5,8,1212,14207,361,71,13,35,1268,375,7,24453,7780040,289160,862900,131000,496500,512900,113.33,1813866,125484,642817,968,13.2,15210,6697,257,99,1372,814,4096,1398,3791,280,22234,304855,84125,11472,26558
R08000,茨城県,2806000,2716000,303000,1637000,866000,57819,14898,1.22,37603,44264,47340,1181598,2802960,385760,9338,4078,609832,388967,90896,14539129,9805311,3438,108602,14004,9826,846,26387,11100,10426,8121,1237104,84040,279017,19466,225563,81979,50919,156690,43920,27841,158300,876,28377,188,14693,439,128088,224,68525,16,7191,3281,118,68148,3,11,490,27132,227,67,25,37,1158,706,11,63427,6029650,227350,1390900,196200,823500,832100,105.11,2867491,181286,966952,921,20.0,19962,9210,447,152,1760,1345,6029,1918,6709,461,40139,315770,80298,15287,30189
R09000,栃木県,1885000,1830000,203000,1106000,575000,37408,9958,1.19,25049,30173,32637,795449,1891685,261757,6594,2732,640809,300506,133443,9179132,6353421,3307,80062,8776,8064,519,19572,9099,7365,6420,870819,54688,211289,7421,159007,68355,37472,111665,31993,14209,120400,1386,36688,73,6959,332,88903,156,48120,6,1598,833,75,46242,5,9,1152,20557,183,55,25,27,931,569,8,38240,9241520,350830,971000,163700,554700,571100,106.04,1918121,93244,607181,865,15.0,14556,7302,286,89,1482,944,4949,1373,4376,312,27628,330079,83091,14827,28953
R10000,群馬県,1890000,1811000,203000,1098000,588000,53432,9950,1.25,26743,26101,28892,803215,1884909,260100,6220,2751,636228,226902,90658,9140951,6140237,3187,85003,9424,9737,598,19722,8884,7576,7170,895790,56301,225230,8619,164361,62191,33022,121602,19405,22870,63200,1125,29681,105,5852,301,87756,158,47664,4,575,300,77,45198,7,15,1180,26790,218,56,26,43,1174,538,8,37983,6732810,292630,967400,161300,570200,589200,107.89,1922122,71724,656585,933,13.8,14620,7124,292,114,1563,968,4657,1344,4157,258,23243,301882,83246,12039,30592
R11000,埼玉県,7332000,7083000,814000,4500000,2018000,161439,42108,1.14,83597,156424,142408,3157627,7204956,1072139,27531,10697,379775,260309,124582,23733625,22384384,3049,230278,25560,23810,2173,51720,23094,20345,21744,2602009,167346,453626,24759,531109,205396,102685,391310,27588,18875,72700,694,26676,484,63169,800,351268,445,182518,3,477,293,191,159512,11,27,2871,103209,490,174,26,76,1759,1774,28,218353,5035590,216210,3555100,330400,2086700,1729600,86.57,7379422,63043,2133356,790,24.3,37407,19792,1008,296,4530,3510,13661,5410,16729,1408,112424,357858,98620,22410,38691
R12000,千葉県,6251000,6057000,688000,3804000,1759000,142177,35658,1.14,73002,138701,123412,2767661,6166145,1003440,23251,9151,515648,353277,28537,20806993,19193083,3059,182689,20004,10411,1960,42852,20661,17538,18106,2151386,146352,237440,30444,446932,191703,118788,335058,34261,16565,119500,1238,61462,439,52158,758,295699,386,153809,4,1105,692,181,136704,8,27,2427,106597,283,144,44,52,1510,1617,25,203153,26073350,4347580,3191100,394100,1799500,1463400,88.02,6309586,105849,1937594,839,22.6,31959,17137,880,256,3942,3202,13521,4953,14746,1217,89333,336883,93753,21098,32769
R13000,東京都,14178000,13463000,1494000,9469000,3215000,483372,86348,0.99,137241,407610,337047,7216650,13839178,3625810,71774,20016,219994,142869,79895,113685917,80705307,5761,628239,41348,38766,28503,141055,76127,43692,52683,9592059,484543,561902,1085934,1968705,735786,318875,912794,4606,4961,6090,4422,208699,957,99527,1320,620624,799,313944,10,6345,3151,429,302479,33,145,6651,689666,80,401,113,132,2229,3937,85,721683,91633100,47432720,8201400,896500,3235200,1900500,64.02,13903919,12603,4046316,795,24.9,86800,66547,2226,588,14894,10608,48578,16890,53527,3611,273390,350967,100189,26909,38556
R14000,神奈川県,9225000,8941000,1008000,5817000,2400000,195535,53991,1.13,98744,206363,186894,4210122,9059878,1650991,38176,13343,241655,147428,55138,35287752,29544044,3199,285325,28997,17326,4888,61012,32933,22950,31373,3525744,208570,438054,126045,673439,311021,134781,566526,10479,10811,17800,1297,58730,600,75495,880,433328,471,221631,5,1771,774,227,191460,12,33,3334,175399,161,85,51,71,1585,2105,27,362409,21477180,3843540,4765000,467100,2507900,1740300,76.51,9227786,22798,2596102,769,24.2,45290,27988,1246,289,7150,4899,21421,7314,23718,1922,153370,330558,94222,23477,35509
R15000,新潟県,2099000,2078000,220000,1162000,717000,15028,10916,1.23,33185,19688,26153,862796,2141206,266182,6262,2511,1258367,454988,317406,8973506,6353968,2919,103861,12326,10138,813,25467,11332,9818,7797,1004621,94206,196131,12149,203321,74052,38979,135383,41751,20805,166500,1917,43693,61,2668,433,96426,228,51473,1,518,265,100,48565,5,22,1209,28357,357,79,37,48,1410,436,10,31911,7481650,434520,1015200,155300,629900,629100,130.13,2139805,71179,748692,956,18.7,18729,8557,333,100,1655,1092,4894,2002,4563,506,36224,300430,86243,17807,23509
R16000,富山県,997000,974000,105000,561000,331000,16326,5512,1.35,15095,11452,13590,403007,1007734,119523,3276,1126,424754,184223,125554,4881063,3374457,3291,48987,5420,4702,442,12270,4886,4426,3684,508283,38526,131286,7665,91281,33986,17872,61144,11323,5991,57400,380,15071,26,1333,173,45196,75,24458,4,271,149,49,24058,2,5,855,11029,268,56,37,25,653,230,5,20945,3264710,233950,473900,69700,301100,297300,140.01,1020085,25442,369155,989,21.4,9082,3960,135,86,744,431,2889,635,2932,153,11114,332077,93067,19092,31682
R17000,石川県,1098000,1079000,124000,636000,337000,13685,6757,1.34,14746,15618,19395,468835,1097311,162531,3792,1356,418620,139463,52564,4680069,3333776,2963,56437,5808,6328,597,13686,6452,4701,3969,543315,38327,108811,10892,111987,47737,20299,67835,9263,6611,39500,727,29492,40,3042,201,53953,90,28785,3,138,82,56,28909,4,14,955,27598,290,41,31,28,715,268,6,27488,10187930,1781960,554000,86400,315000,318800,121.60,1110485,21049,366477,902,12.9,9730,5208,156,75,879,472,3390,734,2853,176,14399,314600,84869,15896,27204
R18000,福井県,739000,721000,86000,417000,235000,13796,4563,1.46,10426,8344,10362,290692,746456,86282,2620,942,419057,107732,61912,3681511,2481601,3263,39859,4521,4746,341,9510,4759,3366,2586,373974,31696,80836,5157,69965,29487,12821,47484,9777,6281,39500,892,15888,58,714,191,36755,76,20102,1,396,320,32,20181,1,6,339,9717,206,37,22,19,482,128,4,17262,2915150,73490,341400,53100,210600,214300,136.71,753460,21590,238981,867,12.7,6992,3619,111,57,571,287,2132,446,1500,139,10031,311554,80736,26808,23718
R19000,山梨県,791000,769000,85000,453000,253000,13993,4397,1.32,11267,12899,13393,338057,789586,110192,2763,1118,446527,95307,121207,3702855,2611631,3243,40814,4170,4091,336,9216,5663,3469,3048,366260,24637,77913,4621,69692,36785,16093,48887,14178,13808,23000,1328,27258,53,2955,176,36774,92,19883,0,0,0,40,21074,3,7,812,15814,284,53,21,22,588,219,4,18853,6255920,1533680,427000,87200,231100,242100,109.27,807271,32258,273595,926,15.6,6976,4080,141,52,726,418,2148,600,1861,169,12026,306041,82703,21039,27327
R20000,長野県,1987000,1945000,222000,1111000,654000,31491,11125,1.34,28423,26390,27760,829979,1998549,257508,6600,2748,1356156,324893,278582,8624321,5995663,2949,99571,10675,9766,949,22746,13597,8188,7411,929898,63789,215969,12599,174971,82961,35431,126732,40510,49276,103800,2578,63671,89,7078,359,96150,192,51842,6,590,334,99,49827,8,11,1680,17438,1789,120,83,47,1828,470,16,41413,14141660,1574300,1039600,208500,591500,605000,119.48,2028950,97413,571686,770,22.0,17067,9345,344,108,1599,974,5290,1654,4667,504,40994,318946,82247,14127,30153
R21000,岐阜県,1916000,1846000,217000,1096000,602000,48979,10469,1.31,26089,23849,29092,779029,1937236,228715,6076,2602,1062129,221063,195093,8010977,6064061,3092,92210,9708,12132,559,21788,10697,7758,7286,884667,60279,219331,6612,169131,72424,35466,117310,19924,29012,53900,1068,26451,139,14924,340,93608,180,51672,7,1987,1052,82,48238,10,13,2671,19305,281,72,23,46,1083,627,6,46761,5942860,1382580,924100,148400,567700,571000,120.25,1939480,69794,587449,828,17.1,16086,8902,242,82,1598,938,4630,1717,4108,321,26799,286430,85931,11196,29950
R22000,静岡県,3527000,3411000,391000,2035000,1101000,86046,18969,1.25,47926,45930,53625,1480969,3551043,472201,12387,5028,777701,277437,84045,17530625,11954233,3314,161789,16470,17620,1387,38644,18752,14040,12538,1730955,102701,441001,20605,315878,142314,62865,204400,24426,26310,58300,2538,68149,317,21463,483,170820,287,94466,3,211,130,136,88029,5,14,1483,33060,50,96,43,53,1267,908,17,86379,18713250,1635430,1774100,296300,989600,964200,103.26,3611045,55546,1066536,807,17.9,28140,15115,568,139,2724,1714,8535,2371,8403,394,35278,325429,88556,27137,27581
R23000,愛知県,7460000,7160000,906000,4626000,1928000,231369,48402,1.29,80557,103003,103611,3233126,7412091,1175221,31759,10928,517321,299590,88881,40585984,27039827,3597,299232,27164,32549,3873,70359,33907,23871,24849,3818542,217282,908754,89548,734065,291069,133282,413770,25906,35149,72000,1208,68479,382,51131,965,389232,434,206467,2,265,157,221,181487,17,53,4382,177119,327,97,43,81,1735,1764,29,247785,19329260,3526090,3664700,433000,1913500,1638000,94.49,7500116,90855,2282051,831,22.0,46122,29431,1094,278,5682,3696,18516,6063,16239,1343,136328,308854,90138,12803,32642
R24000,三重県,1711000,1649000,192000,990000,529000,44721,9524,1.29,23744,23217,28883,741183,1728038,244698,6039,2515,577448,206414,208477,8505160,5462697,3111,72261,7422,6789,469,17456,8007,6125,5977,798103,46857,207911,5707,142069,63978,30097,107481,18062,15468,55700,1292,30581,135,9075,362,83965,166,45924,1,140,85,70,42173,4,7,1256,13479,312,47,21,35,624,439,10,41967,6887260,214960,873500,142700,526100,526400,110.44,1756672,76460,573569,892,19.5,13337,6361,250,81,1498,789,4395,1138,3607,347,27963,289380,78426,25494,29037
R25000,滋賀県,1402000,1360000,179000,841000,382000,28704,9249,1.38,14955,24990,25737,570529,1391113,182011,5230,1943,401738,129957,149957,6863734,4458796,3161,53748,5472,5143,384,12061,5291,4357,4733,617826,30556,165973,3748,110072,48564,21722,80398,13807,8164,49600,494,15243,107,7162,219,76415,102,40481,2,289,154,56,35896,3,9,656,32192,78,51,15,35,548,347,8,44320,4115610,305330,664200,81600,410400,382900,113.04,1410904,35288,393014,761,15.7,9361,4211,229,51,1143,561,3575,828,3359,216,19429,321104,90451,21721,31455
R26000,京都府,2520000,2441000,266000,1502000,752000,52442,13882,1.11,30735,49448,55156,1188903,2523758,489815,8731,3561,461221,117730,94956,10905246,7750977,3026,110564,8588,11992,1223,26212,13840,8422,9299,1148970,52159,180810,19435,239889,115266,41805,176055,13616,11337,29000,964,50263,185,15414,360,113904,187,62680,11,3038,1515,104,64674,9,34,2301,147100,144,68,38,33,638,592,13,90391,28541700,14097050,1372200,180400,717700,635300,85.20,2551575,64267,699278,749,14.6,19321,11460,403,149,2488,1250,9067,1965,6806,381,37220,295508,87246,22113,31264
R27000,大阪府,8757000,8453000,968000,5371000,2418000,208681,55292,1.19,104964,162547,143747,4126995,8659723,1727107,38513,14556,190534,133407,20039,41320372,26869323,3051,384332,27254,38943,6909,90008,44729,27032,38092,4528208,242668,593281,182399,970064,362394,152666,648267,7413,13400,11900,1576,123056,504,57303,981,404004,513,214779,11,4845,2251,249,197660,21,58,6380,233596,197,155,38,69,1194,2012,36,326643,50030170,22664480,4928600,701900,2285500,1671500,75.53,8790230,102388,2821113,877,12.6,54764,39358,1355,463,8877,5411,26518,7954,27586,970,85829,280737,88548,19995,27263
R28000,兵庫県,5337000,5204000,614000,3112000,1611000,87280,32615,1.29,66171,81574,88898,2399358,5355504,862511,19629,8060,840082,276934,166249,22506291,16279889,2997,203113,16634,16573,1800,47973,25617,16729,20248,2221469,110274,401351,26824,436975,194110,85553,352550,37025,30099,71300,1430,46778,410,31612,731,264806,374,139347,9,2869,1437,205,123608,15,35,3676,113239,280,107,36,62,1118,1517,24,178247,13662780,1423380,2798000,386900,1545000,1189600,92.27,5428523,72341,1687105,849,15.2,35621,21971,815,312,5196,2917,15602,4145,15594,615,52003,280207,88991,20372,28796
R29000,奈良県,1285000,1267000,142000,720000,423000,11505,6943,1.21,16972,21015,23309,543908,1292985,159204,4019,1751,369094,85389,63328,3767068,3352801,2549,45583,3574,4228,334,10853,4649,3872,4764,444916,21134,70496,2278,92250,39555,20017,90110,10616,11334,18700,417,10433,128,7275,186,60879,106,33583,9,1834,767,49,30945,3,10,1046,18435,348,33,22,31,489,320,6,40172,2290410,349230,639500,93600,397300,366400,109.72,1315982,47999,405074,841,15.7,8658,3753,184,71,1213,677,3868,949,3219,132,14271,318069,87083,19786,31687
R30000,和歌山県,880000,871000,96000,481000,303000,6029,4901,1.33,14535,10121,13158,393489,896425,127908,2944,1466,472466,112336,60296,3765051,2817925,3084,45309,4235,3526,268,11385,5221,3959,4361,378695,24952,60800,2870,77638,33631,14645,67999,17250,8013,30700,648,16871,61,3362,238,41121,124,22613,1,552,215,46,22210,1,5,238,8791,251,27,13,19,442,162,5,19425,3988270,433990,495600,105300,285200,288100,107.00,916000,129002,298410,890,11.9,8842,4192,137,75,1008,511,3010,698,2346,141,13771,265740,77624,19228,26360
R31000,鳥取県,531000,525000,63000,289000,179000,4310,3263,1.44,8290,7336,9124,219069,535393,70641,1810,781,350703,90422,49056,1926339,1375344,2507,24242,2217,1467,234,6116,2887,2398,2253,230055,17467,34804,3171,46014,19494,8809,41538,13911,9195,32300,326,9718,18,1395,112,26620,57,14078,6,663,318,32,13552,1,3,460,6830,173,30,7,13,495,105,2,9787,1884720,97600,262300,41300,152700,157700,120.36,541104,28625,190681,963,28.2,4688,2280,69,39,474,256,1878,383,1243,138,11211,316309,80516,28051,27977
R32000,島根県,642000,631000,75000,341000,226000,8230,3759,1.46,10461,8942,11045,268462,645246,89036,2095,799,670758,127078,40240,2670688,1934281,2909,32637,3390,2099,252,8218,3271,3021,2950,296596,26155,44821,3371,57786,20706,10499,53421,14397,12789,35600,371,10953,69,1326,194,31785,93,16556,3,1063,648,47,16668,1,2,267,7353,156,41,21,20,524,89,3,9397,2876880,67670,320300,54600,183600,186200,122.41,650969,91392,214869,902,19.9,6354,2536,82,37,689,251,2153,398,1451,272,19414,291730,79194,17892,27824
R33000,岡山県,1831000,1795000,215000,1045000,571000,25116,11575,1.32,25281,24724,28740,799611,1836335,284926,6781,2750,711444,222838,80664,7652694,5145941,2743,78646,8253,6376,713,19505,7637,6744,6999,838870,59984,163799,11395,160365,58112,27847,134774,27937,22798,61600,684,21582,172,8667,371,92600,161,48951,4,598,376,87,47574,8,18,1729,37074,394,70,33,39,792,405,7,40335,4894990,483390,955400,157200,521000,522800,104.34,1850434,164033,624945,923,29.0,14312,6223,285,143,1550,951,6271,1764,4245,328,33472,324154,85312,17425,31655
R34000,広島県,2714000,2655000,321000,1569000,824000,47733,16682,1.33,35563,39418,46636,1241204,2725202,462961,10083,4103,847816,229724,37857,12128058,8835561,3179,122155,11370,9429,1264,30092,13344,10200,10739,1303624,87579,230685,23310,269673,92954,46624,192952,20861,24474,50500,726,32640,200,15029,457,138467,260,74356,8,1569,893,126,66610,4,20,1071,53259,242,86,30,47,1039,569,15,66137,10526330,1610550,1465500,231400,760900,676500,93.15,2755066,185383,841356,834,20.6,20747,11417,453,201,2521,1476,7870,2508,7324,530,42963,298903,82090,20596,29793
R35000,山口県,1281000,1260000,138000,688000,455000,14378,7189,1.40,21253,18864,23529,597309,1293822,218208,4145,1873,611300,171562,42943,6236572,3930017,2960,56452,5961,3241,435,14589,5986,5148,5213,574259,44055,100988,4962,114931,43587,21495,100082,14837,12501,42900,575,17819,150,10444,293,60232,160,32769,0,0,0,75,29593,5,10,742,18572,160,55,24,36,714,303,6,25647,3575660,120680,726400,140700,390500,388300,101.68,1312397,78296,454248,946,21.6,11222,4797,192,112,1194,622,3737,951,3524,266,19335,291033,77835,16004,25818
R36000,徳島県,685000,678000,71000,369000,245000,5033,3903,1.36,11263,7729,10441,307358,693391,109570,2277,956,414700,101629,38706,3340186,2279619,3202,34119,3226,2327,249,8413,3903,3177,3154,304530,20972,52660,3061,58794,23425,11499,58082,14059,11060,27200,438,9697,84,3558,182,32354,89,16893,0,0,0,36,15733,3,4,534,11238,318,29,11,13,347,135,1,13365,1701370,134240,389200,83000,206300,210500,110.25,710171,31746,236674,911,15.8,6508,3088,79,90,688,411,2478,833,2595,149,9281,288053,82322,20364,28274
R37000,香川県,917000,899000,104000,512000,301000,10854,5365,1.40,13653,14443,16617,406062,920852,139818,3296,1424,187686,100502,20534,3863785,2685815,2851,44943,4261,3783,405,11378,4877,3690,3512,431667,31485,77328,6391,89793,33326,15986,60732,15942,13280,28100,328,13677,102,6118,159,46448,73,24788,0,0,0,40,23350,3,4,636,8807,153,30,15,14,474,211,5,19082,3862130,761760,492800,91500,276800,265300,108.96,948524,58056,286254,825,18.8,7957,4033,163,75,816,467,2846,703,2429,140,13207,297039,78900,30448,24142
R38000,愛媛県,1276000,1259000,138000,697000,440000,11159,6950,1.31,20265,15450,19894,599941,1295030,224773,4158,1953,567589,166571,41121,5089931,3527515,2670,59710,5925,4529,510,15214,6546,5405,5302,562714,42054,91837,8486,114243,43558,21581,95810,20639,14355,43600,420,17464,109,7597,277,61643,129,32814,0,0,0,65,30444,5,5,754,16915,433,44,25,27,650,256,9,23973,3640370,367280,736800,145600,381300,386600,100.11,1314518,91560,402204,836,15.8,11195,5383,197,121,1175,636,3888,919,3186,248,17299,256588,74348,16791,21868
R39000,高知県,656000,649000,67000,348000,240000,4220,3380,1.30,11438,7513,10682,314330,663963,122867,1985,1065,710228,115994,47504,2376443,1814707,2653,33064,2894,2090,252,8753,4751,3208,2905,275477,22182,27621,3594,60566,26944,11377,56449,12173,7751,25000,337,10156,34,1965,220,29635,119,15763,4,224,125,43,16354,1,6,403,9540,197,40,17,14,381,106,2,10675,2202930,106580,388100,78700,202900,209500,96.12,676053,85071,226813,917,19.6,6840,3785,103,107,514,338,2346,459,1792,223,16395,302793,79596,27721,23139
R40000,福岡県,5092000,4989000,632000,3004000,1456000,66699,33942,1.26,62153,95080,86449,2318479,4986247,942993,20549,8512,498766,276453,88101,19457117,14002100,2733,210530,19769,11417,3180,54567,24756,17527,21144,2309989,157435,250689,63139,484405,195226,83225,394940,27187,14164,78000,1199,64112,399,43733,715,271649,355,140570,8,1979,1039,163,124336,17,34,5016,109340,296,114,30,76,1284,1185,23,167682,21247880,6849060,2703300,335300,1238700,1007500,83.46,5146053,308555,1680535,892,21.4,37018,20975,700,390,4806,3042,16722,5703,12796,988,97762,289403,82320,19052,30817
R41000,佐賀県,788000,777000,100000,436000,252000,5940,5144,1.46,11199,13771,15596,311173,781601,94280,2730,1150,244064,133454,26884,3179197,2211936,2744,35815,3376,2666,236,9320,4172,3080,3464,360756,26655,66085,3478,68287,28061,13175,67063,13293,5352,49600,331,9442,42,2493,160,42038,90,22959,6,1410,774,44,22130,3,2,738,7632,115,31,13,15,491,156,3,17871,2001900,220590,367900,53300,211800,214000,113.23,800631,115869,250839,856,20.0,7148,3435,88,82,693,396,2430,619,2013,183,14946,292597,79673,10892,25088
R42000,長崎県,1252000,1237000,149000,669000,434000,8316,7656,1.49,19723,20467,25154,556130,1259784,191470,4074,1788,413120,166819,74154,4620708,3333561,2571,58382,5502,3556,390,15456,6899,5345,6058,525985,40658,62362,5423,107763,44188,20518,111684,17329,10953,44900,673,22145,95,6025,314,65115,181,34616,2,24,19,79,33091,2,8,673,16524,150,40,16,37,817,174,4,25121,6271320,510500,655000,113000,348100,344600,97.95,1288215,226628,438617,930,15.8,11948,5501,169,118,1317,688,4424,1232,2950,375,25635,270288,79246,15315,20201
R43000,熊本県,1697000,1669000,214000,931000,553000,14591,11189,1.47,24265,26120,27528,716740,1678793,242940,5772,2663,740919,274669,158908,6417343,4745347,2746,72744,7351,3978,572,18834,8033,6590,7063,716508,53546,97524,8026,145168,58622,27690,142823,32529,15350,103300,989,28940,94,6446,327,92831,169,48663,4,274,156,73,43397,2,9,477,24158,315,52,19,35,907,300,10,39928,6613750,1330350,851100,127100,451200,448800,98.72,1728528,119355,534253,844,19.8,14326,6339,172,163,1470,829,5428,1367,3983,488,37750,325357,86689,23760,28018
R44000,大分県,1085000,1066000,124000,588000,374000,10168,6259,1.39,16756,16754,18891,487679,1082266,175329,3689,1695,634070,179505,174730,4683887,3085596,2769,50589,4899,2832,394,12606,6296,4627,4691,475034,38390,68567,5861,91019,41558,18325,90114,18099,13855,53800,999,25244,127,5603,260,53456,126,28716,3,750,440,54,28615,5,5,1665,15225,242,33,16,21,569,257,7,21070,5763410,1078830,603300,115500,302800,295700,96.86,1111569,87833,368495,906,18.1,9680,4736,115,126,947,514,3459,737,2364,219,15527,294943,76940,17118,23581
R45000,宮崎県,1033000,1021000,129000,553000,351000,6474,6502,1.49,16212,16728,18393,468575,1030106,167776,3592,1796,773416,187508,91919,3706513,2556192,2409,48940,4860,2795,347,12268,6509,4815,4794,446103,34153,59990,5534,90051,35959,18477,83484,20304,10636,62500,408,15675,87,4186,231,56065,132,30326,5,488,247,51,28954,2,7,476,9270,86,34,8,24,663,244,5,17580,2948100,155290,556800,90700,304400,316700,94.35,1059761,64084,362053,933,16.6,9351,5519,136,112,906,479,2908,734,2288,275,17361,269564,79666,15539,24612
R46000,鹿児島県,1532000,1513000,191000,817000,524000,10037,9868,1.48,24217,22774,27431,725855,1528471,282664,5111,2500,918620,328726,127358,5921471,4107243,2605,71793,6442,4529,492,18837,8636,6677,7324,659951,50967,82126,6584,133323,55384,26773,140795,28199,20161,110400,842,27867,126,6846,476,83913,210,45100,17,894,540,89,41900,4,6,1522,15435,227,63,20,48,1008,433,5,23432,5966860,485370,899600,184200,450300,470200,88.49,1577764,119202,506533,877,15.6,14346,6756,159,191,1369,773,4668,1375,3307,345,22029,295155,76864,19299,26132
R47000,沖縄県,1466000,1437000,231000,880000,355000,18157,12549,1.60,15110,25301,26932,613294,1430169,229602,6316,3170,228211,112609,81563,4373909,3315446,2258,63593,4653,2765,782,14478,10393,5701,6018,584191,45133,32208,14136,120392,72285,24890,111028,10674,4073,35900,3339,66452,144,5744,263,99638,152,50437,0,0,0,65,42759,2,8,646,18114,88,39,18,18,434,439,11,43651,22095990,4380330,699400,65400,267100,234900,74.92,1483772,62549,467835,861,14.9,11398,8495,244,76,928,601,4029,889,2435,487,43152,256308,75352,26422,20848
